TEAM,MATCH_UP,GAME_DATE,W/L,MIN,PTS,FGM,FGA,FG%,3PM,3PA,3P%,FTM,FTA,FT%,OREB,DREB,REB,AST,TOV,STL,BLK,PF,+/-,OFFRTG,DEFRTG,NETRTG,AST%,AST/TO,AST RATIO,DREB%,REB%,TS%,PACE,PIE,EFG%,FTA RATE,TOV%,OREB%,OPP EFG%,OPP FTA RATE,OPP TOV%,OPP OREB%,PTS OFF TO,2ND PTS,FBPS,PITP,OPP PTS OFF TO,OPP 2ND PTS,OPP FBPS,OPP PITP,%FGA 2PT,%FGA 3PT,%PTS 2PT,%PTS 2PT MR,%PTS 3PT,%PTS FBPS,%PTS FT,%PTS OFF TO,%PTS PITP,2FGM %AST,2FGM %UAST,3FGM %AST,3FGM %UAST,FGM %AST,FGM %UAST
OKC,OKC @ LAC,8/14/20,L,53,103,38,106,35.8,14,44,31.8,13,22,59.1,11,37,48,18,16,5,6,29,-4,89.6,94.7,-5.1,47.4,1.13,11.8,74.1,48.8,44.5,103.25,36,0.425,0.208,13.9,0.282,0.471,0.459,20.4,0.259,30,10,10,42,27,9,20,42,58.5,41.5,46.6,5.8,40.8,9.7,12.6,29.1,40.8,33.3,66.7,71.4,28.6,47.4,52.6
TOR,TOR vs. DEN,8/14/20,W,48,117,45,90,50,18,35,51.4,9,14,64.3,13,38,51,27,19,8,5,24,8,117,109,8,60,1.42,18.8,75.5,55.3,60.8,100,50.7,0.6,0.156,19,0.34,0.506,0.264,16,0.245,27,15,21,48,22,13,25,32,61.1,38.9,46.2,5.1,46.2,17.9,7.7,23.1,41,48.1,51.9,77.8,22.2,60,40
IND,IND vs. MIA,8/14/20,W,48,109,43,89,48.3,15,38,39.5,8,11,72.7,12,39,51,32,20,11,3,27,17,107.9,91.1,16.8,74.4,1.6,21.8,70.5,51.8,58.1,101,63.7,0.567,0.124,19.8,0.286,0.414,0.31,18.8,0.295,20,18,13,46,20,11,2,36,57.3,42.7,51.4,9.2,41.3,11.9,7.3,18.3,42.2,64.3,35.7,93.3,6.7,74.4,25.6
LAC,LAC vs. OKC,8/14/20,W,53,107,34,85,40,12,37,32.4,27,39,69.2,12,49,61,23,23,10,2,22,4,94.7,89.6,5.1,67.6,1,15.2,71.8,51.2,52.4,103.25,64,0.471,0.459,20.4,0.259,0.425,0.208,13.9,0.282,27,9,20,42,30,10,10,42,56.5,43.5,41.1,1.9,33.6,18.7,25.2,25.2,39.3,54.5,45.5,91.7,8.3,67.6,32.4
MIA,MIA @ IND,8/14/20,L,48,92,31,87,35.6,10,38,26.3,20,27,74.1,14,34,48,14,19,6,5,15,-17,91.1,107.9,-16.8,45.2,0.74,10.6,71.4,48.2,46.5,101,36.3,0.414,0.31,18.8,0.295,0.567,0.124,19.8,0.286,20,11,2,36,20,18,13,46,56.3,43.7,45.7,6.5,32.6,2.2,21.7,21.7,39.1,23.8,76.2,90,10,45.2,54.8
DEN,DEN @ TOR,8/14/20,L,48,109,36,87,41.4,16,38,42.1,21,23,91.3,9,32,41,27,16,9,11,15,-8,109,117,-8,75,1.69,19.3,66,44.7,56.1,100,49.3,0.506,0.264,16,0.245,0.6,0.156,19,0.34,22,13,25,32,27,15,21,48,56.3,43.7,36.7,7.3,44,22.9,19.3,20.2,29.4,65,35,87.5,12.5,75,25
PHI,PHI @ HOU,8/14/20,W,48,134,49,87,56.3,18,38,47.4,18,22,81.8,8,43,51,31,16,8,4,19,38,128.8,93.2,35.6,63.3,1.94,21.1,95.7,65.1,69.3,103.5,64.4,0.667,0.253,15.4,0.3,0.513,0.2,16.5,0.043,27,17,9,54,24,2,18,42,56.3,43.7,46.3,6,40.3,6.7,13.4,20.1,40.3,58.1,41.9,72.2,27.8,63.3,36.7
HOU,HOU vs. PHI,8/14/20,L,48,96,35,80,43.8,12,48,25,14,16,87.5,1,26,27,25,17,10,9,18,-38,93.2,128.8,-35.6,71.4,1.47,19.2,70,34.9,55.1,103.5,35.6,0.513,0.2,16.5,0.043,0.667,0.253,15.4,0.3,24,2,18,42,27,17,9,54,40,60,47.9,4.2,37.5,18.8,14.6,25,43.8,60.9,39.1,91.7,8.3,71.4,28.6
LAL,LAL vs. SAC,8/13/20,L,48,122,48,98,49,15,35,42.9,11,15,73.3,15,32,47,29,17,6,1,18,-14,115.1,128.3,-13.2,60.4,1.71,19.3,75,52.1,58.3,106,41.9,0.566,0.153,16,0.327,0.679,0.126,14.2,0.25,18,16,5,54,27,12,21,58,64.3,35.7,54.1,9.8,36.9,4.1,9,14.8,44.3,51.5,48.5,80,20,60.4,39.6
MEM,MEM vs. MIL,8/13/20,W,48,119,45,90,50,13,33,39.4,16,23,69.6,9,46,55,36,18,4,3,18,13,108.2,96.4,11.8,80,2,22.9,79.4,54.5,59.4,110,60.9,0.572,0.256,16.4,0.224,0.464,0.235,13.6,0.206,18,6,13,54,14,7,4,30,63.3,36.7,53.8,8.4,32.8,10.9,13.4,15.1,45.4,71.9,28.1,100,0,80,20
WAS,WAS @ BOS,8/13/20,W,48,96,34,88,38.6,10,26,38.5,18,24,75,18,38,56,22,18,11,6,19,6,97,90.9,6.1,64.7,1.22,15.6,72.7,52.6,48.7,99,52.2,0.443,0.273,18.2,0.339,0.443,0.159,19.2,0.273,25,14,22,32,15,11,12,48,70.5,29.5,50,16.7,31.3,22.9,18.8,26,33.3,50,50,100,0,64.7,35.3
SAC,SAC @ LAL,8/13/20,W,48,136,54,95,56.8,21,47,44.7,7,12,58.3,9,35,44,37,15,12,2,15,14,128.3,115.1,13.2,68.5,2.47,24.2,67.3,47.9,67.8,106,58.1,0.679,0.126,14.2,0.25,0.566,0.153,16,0.327,27,12,21,58,18,16,5,54,50.5,49.5,48.5,5.9,46.3,15.4,5.1,19.9,42.6,54.5,45.5,90.5,9.5,68.5,31.5
SAS,SAS @ UTA,8/13/20,L,48,112,39,79,49.4,10,20,50,24,36,66.7,9,35,44,24,15,4,8,20,-6,112,116.8,-4.8,61.5,1.6,17.8,70.4,48.5,59,100.5,48.5,0.557,0.456,15,0.234,0.54,0.099,8.9,0.296,14,9,9,44,20,21,9,62,74.7,25.3,51.8,12.5,26.8,8,21.4,12.5,39.3,51.7,48.3,90,10,61.5,38.5
DAL,DAL @ PHX,8/13/20,L,48,102,39,89,43.8,8,26,30.8,16,19,84.2,11,32,43,17,11,3,4,18,-26,106.3,132,-25.7,43.6,1.55,13.5,76.7,48.4,52.4,96.5,35.2,0.483,0.213,11.5,0.25,0.629,0.236,6.2,0.233,4,17,5,56,14,14,22,60,70.8,29.2,60.8,5.9,23.5,4.9,15.7,3.9,54.9,38.7,61.3,62.5,37.5,43.6,56.4
BOS,BOS vs. WAS,8/13/20,L,48,90,35,88,39.8,8,35,22.9,12,14,85.7,13,38,51,22,19,8,7,19,-6,90.9,97,-6.1,62.9,1.16,16.2,66.1,47.4,47.8,99,47.8,0.443,0.159,19.2,0.273,0.443,0.273,18.2,0.339,15,11,12,48,25,14,22,32,60.2,39.8,60,6.7,26.7,13.3,13.3,16.7,53.3,55.6,44.4,87.5,12.5,62.9,37.1
NOP,NOP @ ORL,8/13/20,L,48,127,48,87,55.2,10,34,29.4,21,27,77.8,9,31,40,22,13,6,4,22,-6,125.7,130.4,-4.6,45.8,1.69,16.3,75.6,53.1,64.2,101.5,49,0.609,0.31,12.9,0.3,0.661,0.357,11.8,0.244,20,17,21,72,23,9,21,50,60.9,39.1,59.8,3.1,23.6,16.5,16.5,15.7,56.7,34.2,65.8,90,10,45.8,54.2
BKN,BKN vs. POR,8/13/20,L,48,133,53,96,55.2,14,33,42.4,13,19,68.4,12,34,46,28,14,5,5,23,-1,127.9,128.8,-1,52.8,2,18.9,62.5,49.5,63.7,104,50.7,0.625,0.198,13.5,0.34,0.543,0.231,8.7,0.375,12,17,13,58,14,29,8,58,65.6,34.4,58.6,15,31.6,9.8,9.8,9,43.6,38.5,61.5,92.9,7.1,52.8,47.2
UTA,UTA vs. SAS,8/13/20,W,48,118,47,101,46.5,15,46,32.6,9,10,90,12,31,43,25,9,7,5,23,6,116.8,112,4.8,53.2,2.78,17.7,76.6,51.5,56,100.5,51.5,0.54,0.099,8.9,0.296,0.557,0.456,15,0.234,20,21,9,62,14,9,9,44,54.5,45.5,54.2,1.7,38.1,7.6,7.6,16.9,52.5,46.9,53.1,66.7,33.3,53.2,46.8
PHX,PHX vs. DAL,8/13/20,W,48,128,49,89,55.1,14,34,41.2,16,21,76.2,7,38,45,34,6,6,4,14,26,132,106.3,25.7,69.4,5.67,24.1,75,51.6,65.1,96.5,64.8,0.629,0.236,6.2,0.233,0.483,0.213,11.5,0.25,14,14,22,60,4,17,5,56,61.8,38.2,54.7,7.8,32.8,17.2,12.5,10.9,46.9,62.9,37.1,85.7,14.3,69.4,30.6
ORL,ORL vs. NOP,8/13/20,W,48,133,48,84,57.1,15,28,53.6,22,30,73.3,6,27,33,25,12,6,2,22,6,130.4,125.7,4.6,52.1,2.08,18.4,70,46.9,68.4,101.5,51,0.661,0.357,11.8,0.244,0.609,0.31,12.9,0.3,23,9,21,50,20,17,21,72,66.7,33.3,49.6,12,33.8,15.8,16.5,17.3,37.6,36.4,63.6,86.7,13.3,52.1,47.9
POR,POR @ BKN,8/13/20,W,48,134,50,104,48.1,13,39,33.3,21,24,87.5,14,28,42,25,9,10,4,21,1,128.8,127.9,1,50,2.78,16.8,66,50.5,58.5,104,49.3,0.543,0.231,8.7,0.375,0.625,0.198,13.5,0.34,14,29,8,58,12,17,13,58,62.5,37.5,55.2,11.9,29.1,6,15.7,10.4,43.3,43.2,56.8,69.2,30.8,50,50
MIL,MIL @ MEM,8/13/20,L,48,106,39,98,39.8,13,41,31.7,15,23,65.2,9,36,45,27,15,8,3,22,-13,96.4,108.2,-11.8,69.2,1.8,18,77.6,45.5,49,110,39.1,0.464,0.235,13.6,0.206,0.572,0.256,16.4,0.224,14,7,4,30,18,6,13,54,58.2,41.8,49.1,20.8,36.8,3.8,14.2,13.2,28.3,61.5,38.5,84.6,15.4,69.2,30.8
LAC,LAC @ DEN,8/12/20,W,48,124,46,85,54.1,14,37,37.8,18,23,78.3,6,34,40,29,8,11,1,25,13,127.8,114.4,13.4,63,3.63,21.8,76.6,49.4,65.2,97,54.2,0.624,0.271,8.2,0.175,0.569,0.218,12.4,0.234,22,9,11,42,7,17,10,52,56.5,43.5,51.6,17.7,33.9,8.9,14.5,17.7,33.9,56.3,43.8,78.6,21.4,63,37
HOU,HOU vs. IND,8/12/20,L,48,104,32,86,37.2,16,57,28.1,24,28,85.7,6,43,49,20,20,8,6,20,-4,95.4,99.1,-3.7,62.5,1,14.5,70.5,46.6,52.9,109,46.8,0.465,0.326,18.3,0.2,0.455,0.22,13.8,0.295,20,11,10,32,25,20,13,46,33.7,66.3,30.8,0,46.2,9.6,23.1,19.2,30.8,50,50,75,25,62.5,37.5
IND,IND @ HOU,8/12/20,W,48,108,40,100,40,11,31,35.5,17,22,77.3,12,42,54,25,15,15,7,25,4,99.1,95.4,3.7,62.5,1.67,16.4,80,53.4,49.2,109,53.2,0.455,0.22,13.8,0.295,0.465,0.326,18.3,0.2,25,20,13,46,20,11,10,32,69,31,53.7,11.1,30.6,12,15.7,23.1,42.6,58.6,41.4,72.7,27.3,62.5,37.5
PHI,PHI vs. TOR,8/12/20,L,48,121,39,84,46.4,17,40,42.5,26,33,78.8,9,38,47,27,17,9,10,29,-4,115.2,119,-3.8,69.2,1.59,19.1,72.7,48.5,61.4,105,49.7,0.565,0.393,16.2,0.208,0.544,0.444,11.4,0.273,6,3,12,34,21,22,13,42,52.4,47.6,36.4,8.3,42.1,9.9,21.5,5,28.1,50,50,94.1,5.9,69.2,30.8
TOR,TOR @ PHI,8/12/20,W,48,125,40,90,44.4,18,43,41.9,27,40,67.5,11,36,47,28,12,8,7,23,4,119,115.2,3.8,70,2.33,18.9,79.2,51.5,58.1,105,50.3,0.544,0.444,11.4,0.273,0.565,0.393,16.2,0.208,21,22,13,42,6,3,12,34,52.2,47.8,35.2,1.6,43.2,10.4,21.6,16.8,33.6,50,50,94.4,5.6,70,30
MIA,MIA @ OKC,8/12/20,L,48,115,42,86,48.8,14,42,33.3,17,20,85,6,34,40,24,12,14,2,23,-1,113.9,116,-2.1,57.1,2,18.2,66,43.4,60.7,100.5,52.7,0.57,0.233,11.9,0.174,0.528,0.303,16,0.34,18,8,11,42,13,20,8,36,51.2,48.8,48.7,12.2,36.5,9.6,14.8,15.7,36.5,42.9,57.1,85.7,14.3,57.1,42.9
DEN,DEN vs. LAC,8/12/20,L,48,111,43,87,49.4,13,35,37.1,12,19,63.2,9,33,42,33,12,4,3,19,-13,114.4,127.8,-13.4,76.7,2.75,23.6,82.5,50.6,58.2,97,45.8,0.569,0.218,12.4,0.234,0.624,0.271,8.2,0.175,7,17,10,52,22,9,11,42,59.8,40.2,54.1,7.2,35.1,9,10.8,6.3,46.8,70,30,92.3,7.7,76.7,23.3
OKC,OKC vs. MIA,8/12/20,W,48,116,39,89,43.8,16,42,38.1,22,27,81.5,14,36,50,20,16,7,4,19,1,116,113.9,2.1,51.3,1.25,14.5,82.6,56.6,57.5,100.5,47.3,0.528,0.303,16,0.34,0.57,0.233,11.9,0.174,13,20,8,36,18,8,11,42,52.8,47.2,39.7,8.6,41.4,6.9,19,11.2,31,34.8,65.2,75,25,51.3,48.7
SAC,SAC vs. NOP,8/11/20,W,48,112,43,88,48.9,11,26,42.3,15,16,93.8,14,31,45,27,21,4,6,22,6,109.8,103.9,5.9,62.8,1.29,18.6,78.6,55.7,58.9,102,50.7,0.551,0.182,20.6,0.348,0.555,0.232,18.6,0.214,14,12,8,54,23,12,12,62,70.5,29.5,57.1,8.9,29.5,7.1,13.4,12.5,48.2,53.1,46.9,90.9,9.1,62.8,37.2
BKN,BKN @ ORL,8/11/20,W,48,108,38,89,42.7,13,43,30.2,19,24,79.2,8,39,47,26,15,9,4,20,12,106.9,95,11.9,68.4,1.73,18.6,73.6,49.1,54.2,101,59.3,0.5,0.27,14.9,0.245,0.428,0.349,16.8,0.264,13,5,15,44,18,15,12,36,51.7,48.3,46.3,5.6,36.1,13.9,17.6,12,40.7,52,48,100,0,68.4,31.6
MIL,MIL @ WAS,8/11/20,W,48,126,44,87,50.6,18,38,47.4,20,28,71.4,9,44,53,25,15,6,0,26,13,116.7,105.6,11.1,56.8,1.67,17.4,76.3,53.3,63.4,107.5,58.7,0.609,0.322,13.9,0.25,0.474,0.316,10.3,0.237,8,10,19,48,18,14,4,38,56.3,43.7,41.3,3.2,42.9,15.1,15.9,6.3,38.1,30.8,69.2,94.4,5.6,56.8,43.2
PHX,PHX @ PHI,8/11/20,W,48,130,49,89,55.1,12,28,42.9,20,21,95.2,11,33,44,28,7,4,3,18,13,139.8,128.6,11.2,57.1,4,20.7,66.7,53.3,66.2,92,57.5,0.618,0.236,7.5,0.366,0.575,0.151,9.9,0.333,21,19,15,66,9,11,3,54,68.5,31.5,56.9,6.2,27.7,11.5,15.4,16.2,50.8,51.4,48.6,75,25,57.1,42.9
POR,POR @ DAL,8/11/20,W,48,134,46,98,46.9,15,38,39.5,27,29,93.1,12,36,48,18,8,9,3,31,3,125.2,124.8,0.5,39.1,2.25,13,83.7,53.7,60.5,106,49.2,0.546,0.296,7.5,0.288,0.642,0.407,16.2,0.163,18,13,9,50,13,9,8,36,61.2,38.8,46.3,9,33.6,6.7,20.1,13.4,37.3,32.3,67.7,53.3,46.7,39.1,60.9
MEM,MEM vs. BOS,8/11/20,L,48,107,35,89,39.3,7,29,24.1,30,38,78.9,14,30,44,26,8,8,4,15,-15,110.3,127.1,-16.8,74.3,3.25,18.6,69.6,47.1,50.6,96.5,45.6,0.433,0.427,8.2,0.293,0.605,0.267,15.6,0.304,17,15,11,48,5,14,9,36,67.4,32.6,52.3,7.5,19.6,10.3,28,15.9,44.9,67.9,32.1,100,0,74.3,25.7
NOP,NOP @ SAC,8/11/20,L,48,106,42,82,51.2,7,24,29.2,15,19,78.9,5,29,34,25,19,8,6,18,-6,103.9,109.8,-5.9,59.5,1.32,18.4,65.2,44.3,58.7,102,49.3,0.555,0.232,18.6,0.214,0.551,0.182,20.6,0.348,23,12,12,62,14,12,8,54,70.7,29.3,66,7.5,19.8,11.3,14.2,21.7,58.5,51.4,48.6,100,0,59.5,40.5
HOU,HOU @ SAS,8/11/20,L,48,105,36,89,40.4,14,48,29.2,19,21,90.5,4,33,37,18,18,14,3,19,-18,92.1,107.9,-15.8,50,1,13.1,75.5,40.4,53.4,114,39.1,0.483,0.236,15.8,0.091,0.565,0.215,19.3,0.245,24,11,12,42,32,10,14,48,46.1,53.9,41.9,1.9,40,11.4,18.1,22.9,40,31.8,68.2,78.6,21.4,50,50
BOS,BOS @ MEM,8/11/20,W,48,122,44,86,51.2,16,37,43.2,18,23,78.3,10,36,46,29,15,7,7,27,15,127.1,110.3,16.8,65.9,1.93,20.9,70.7,52.9,63.5,96.5,54.4,0.605,0.267,15.6,0.304,0.433,0.427,8.2,0.293,5,14,9,36,17,15,11,48,57,43,45.9,16.4,39.3,7.4,14.8,4.1,29.5,53.6,46.4,87.5,12.5,65.9,34.1
DAL,DAL vs. POR,8/11/20,L,48,131,42,81,51.9,20,44,45.5,27,33,81.8,5,32,37,28,17,4,5,23,-3,124.8,125.2,-0.5,66.7,1.65,20,71.2,46.3,68.6,106,50.8,0.642,0.407,16.2,0.163,0.546,0.296,7.5,0.288,13,9,8,36,18,13,9,50,45.7,54.3,33.6,6.1,45.8,6.1,20.6,9.9,27.5,54.5,45.5,80,20,66.7,33.3
ORL,ORL vs. BKN,8/11/20,L,48,96,32,83,38.6,7,23,30.4,25,29,86.2,12,37,49,13,17,9,3,24,-12,95,106.9,-11.9,40.6,0.76,10.2,75.5,50.9,50.1,101,40.7,0.428,0.349,16.8,0.264,0.5,0.27,14.9,0.245,18,15,12,36,13,5,15,44,72.3,27.7,52.1,14.6,21.9,12.5,26,18.8,37.5,36,64,57.1,42.9,40.6,59.4
SAS,SAS vs. HOU,8/11/20,W,48,123,46,93,49.5,13,32,40.6,18,20,90,9,50,59,28,22,10,5,20,18,107.9,92.1,15.8,60.9,1.27,18.3,90.9,59.6,60.4,114,60.9,0.565,0.215,19.3,0.245,0.483,0.236,15.8,0.091,32,10,14,48,24,11,12,42,65.6,34.4,53.7,14.6,31.7,11.4,14.6,26,39,48.5,51.5,92.3,7.7,60.9,39.1
PHI,PHI vs. PHX,8/11/20,L,48,117,46,93,49.5,15,33,45.5,10,14,71.4,11,23,34,28,9,5,4,20,-13,128.6,139.8,-11.2,60.9,3.11,20.6,63.4,46.7,59,92,42.5,0.575,0.151,9.9,0.333,0.618,0.236,7.5,0.366,9,11,3,54,21,19,15,66,64.5,35.5,53,6.8,38.5,2.6,8.5,7.7,46.2,48.4,51.6,86.7,13.3,60.9,39.1
WAS,WAS vs. MIL,8/11/20,L,48,113,39,95,41.1,12,35,34.3,23,30,76.7,11,33,44,22,11,2,3,23,-13,105.6,116.7,-11.1,56.4,2,15.4,75,46.7,52.2,107.5,41.3,0.474,0.316,10.3,0.237,0.609,0.322,13.9,0.25,18,14,4,38,8,10,19,48,63.2,36.8,47.8,14.2,31.9,3.5,20.4,15.9,33.6,40.7,59.3,91.7,8.3,56.4,43.6
DEN,DEN @ LAL,8/10/20,L,48,121,45,77,58.4,13,23,56.5,18,23,78.3,10,25,35,27,14,6,2,20,-3,133,137.8,-4.8,60,1.93,20.5,61.9,51.9,69.4,90.5,50.4,0.669,0.299,15.4,0.4,0.63,0.395,11.1,0.381,10,14,13,54,25,20,12,56,70.1,29.9,52.9,8.3,32.2,10.7,14.9,8.3,44.6,53.1,46.9,76.9,23.1,60,40
MIA,MIA vs. IND,8/10/20,W,48,114,44,98,44.9,13,40,32.5,13,19,68.4,13,46,59,29,14,11,9,20,22,110.7,90.2,20.5,65.9,2.07,19.3,82.1,57,53.6,102.5,64.3,0.515,0.194,13.6,0.328,0.452,0.298,16.7,0.179,19,28,16,56,11,13,8,40,59.2,40.8,54.4,5.3,34.2,14,11.4,16.7,49.1,58.1,41.9,84.6,15.4,65.9,34.1
LAL,LAL vs. DEN,8/10/20,W,48,124,44,81,54.3,14,29,48.3,22,32,68.8,14,18,32,28,10,8,4,18,3,137.8,133,4.8,63.6,2.8,20.9,60,48.1,65.2,90.5,49.6,0.63,0.395,11.1,0.381,0.669,0.299,15.4,0.4,25,20,12,56,10,14,13,54,64.2,35.8,48.4,3.2,33.9,9.7,17.7,20.2,45.2,53.3,46.7,85.7,14.3,63.6,36.4
OKC,OKC @ PHX,8/10/20,L,48,101,35,90,38.9,13,39,33.3,18,21,85.7,8,32,40,24,19,10,2,23,-27,92.7,118.5,-25.9,68.6,1.26,16.7,70.8,43.4,50.9,108.5,36.3,0.461,0.233,17.4,0.207,0.567,0.326,18.5,0.292,24,13,13,32,20,14,23,40,56.7,43.3,43.6,11.9,38.6,12.9,17.8,23.8,31.7,59.1,40.9,84.6,15.4,68.6,31.4
UTA,UTA vs. DAL,8/10/20,L,48,114,39,82,47.6,21,46,45.7,15,20,75,11,27,38,28,12,5,6,19,-8,122.6,131.2,-8.6,71.8,2.33,21.2,76.3,50,62.8,93,46.2,0.604,0.244,12.9,0.273,0.635,0.188,8.6,0.237,12,15,8,28,20,15,9,58,43.9,56.1,31.6,7,55.3,7,13.2,10.5,24.6,66.7,33.3,76.2,23.8,71.8,28.2
MIL,MIL vs. TOR,8/10/20,L,48,106,33,84,39.3,14,43,32.6,26,35,74.3,11,38,49,25,19,4,6,21,-8,99.1,108.6,-9.5,75.8,1.32,17,69.5,48.7,53.3,106,46.2,0.476,0.417,17.8,0.268,0.495,0.268,13.3,0.305,19,10,2,30,20,21,16,46,48.8,51.2,35.8,7.5,39.6,1.9,24.5,17.9,28.3,57.9,42.1,100,0,75.8,24.2
PHX,PHX vs. OKC,8/10/20,W,48,128,42,89,47.2,17,34,50,27,29,93.1,12,41,53,29,20,11,7,23,27,118.5,92.7,25.9,69,1.45,19.2,79.3,56.6,62.9,108.5,63.7,0.567,0.326,18.5,0.292,0.461,0.233,17.4,0.207,20,14,23,40,24,13,13,32,61.8,38.2,39.1,7.8,39.8,18,21.1,15.6,31.3,60,40,82.4,17.6,69,31
TOR,TOR @ MIL,8/10/20,W,48,114,42,97,43.3,12,40,30,18,26,69.2,16,39,55,24,14,11,6,27,8,108.6,99.1,9.5,57.1,1.71,16.3,73.2,51.3,52.6,106,53.8,0.495,0.268,13.3,0.305,0.476,0.417,17.8,0.268,20,21,16,46,19,10,2,30,58.8,41.2,52.6,12.3,31.6,14,15.8,17.5,40.4,43.3,56.7,91.7,8.3,57.1,42.9
DAL,DAL @ UTA,8/10/20,W,48,122,48,85,56.5,12,24,50,14,16,87.5,4,30,34,29,8,6,3,23,8,131.2,122.6,8.6,60.4,3.63,22.1,72.7,50,66.3,93,53.8,0.635,0.188,8.6,0.237,0.604,0.244,12.9,0.273,20,15,9,58,12,15,8,28,71.8,28.2,59,11.5,29.5,7.4,11.5,16.4,47.5,55.6,44.4,75,25,60.4,39.6
IND,IND @ MIA,8/10/20,L,48,92,33,84,39.3,10,35,28.6,16,25,64,6,39,45,20,17,5,4,19,-22,90.2,110.7,-20.5,60.6,1.18,15.3,67.2,43,48.4,102.5,35.7,0.452,0.298,16.7,0.179,0.515,0.194,13.6,0.328,11,13,8,40,19,28,16,56,58.3,41.7,50,6.5,32.6,8.7,17.4,12,43.5,56.5,43.5,70,30,60.6,39.4
WAS,WAS @ OKC,8/9/20,L,48,103,38,92,41.3,9,36,25,18,22,81.8,13,31,44,23,16,6,3,18,-18,104,122.2,-18.2,60.5,1.44,16.2,78.6,53.5,50.6,99,40.2,0.462,0.239,16.2,0.351,0.619,0.262,12.1,0.214,8,20,9,48,21,10,14,42,60.9,39.1,56.3,9.7,26.2,8.7,17.5,7.8,46.6,48.3,51.7,100,0,60.5,39.5
BKN,BKN @ LAC,8/9/20,W,48,129,47,85,55.3,20,43,46.5,15,19,78.9,8,38,46,32,16,5,5,25,9,129,122.4,6.6,68.1,2,22.4,78,54.9,69.1,99,54.6,0.671,0.224,16,0.268,0.554,0.215,10.2,0.22,11,17,17,48,22,13,16,48,49.4,50.6,41.9,4.7,46.5,13.2,11.6,8.5,37.2,51.9,48.1,90,10,68.1,31.9
SAS,SAS @ NOP,8/9/20,W,48,122,40,89,44.9,11,28,39.3,31,32,96.9,15,36,51,22,17,12,6,27,9,111.9,105.6,6.3,55,1.29,14.9,66.1,51.4,59.2,108,55.9,0.511,0.36,15.6,0.347,0.5,0.229,18.7,0.339,30,15,17,36,21,27,9,54,68.5,31.5,47.5,18,27,13.9,25.4,24.6,29.5,41.4,58.6,90.9,9.1,55,45
TOR,TOR vs. MEM,8/9/20,W,48,108,34,71,47.9,15,39,38.5,25,33,75.8,5,35,40,25,26,17,7,23,9,100.9,92.5,8.4,73.5,0.96,18.1,73.7,49,63.1,107,59,0.585,0.465,24.3,0.146,0.484,0.176,20.6,0.263,23,7,7,32,19,16,12,42,45.1,54.9,35.2,5.6,41.7,6.5,23.1,21.3,29.6,63.2,36.8,86.7,13.3,73.5,26.5
BOS,BOS vs. ORL,8/9/20,W,53,122,45,102,44.1,12,40,30,20,24,83.3,13,41,54,32,13,9,7,19,3,110.9,106.3,4.7,71.1,2.46,20.3,68.3,48.4,54.2,100.53,56.3,0.5,0.235,11.8,0.271,0.475,0.255,12.5,0.317,22,17,11,56,17,17,17,42,60.8,39.2,54.1,8.2,29.5,9,16.4,18,45.9,66.7,33.3,83.3,16.7,71.1,28.9
POR,POR vs. PHI,8/9/20,W,48,124,43,91,47.3,11,35,31.4,27,29,93.1,7,34,41,19,10,8,6,16,3,121.6,118.6,2.9,44.2,1.9,14.5,66,45.6,59.8,102,53.2,0.533,0.319,9.8,0.24,0.557,0.175,14.7,0.34,11,7,9,56,12,24,9,50,61.5,38.5,51.6,6.5,26.6,7.3,21.8,8.9,45.2,37.5,62.5,63.6,36.4,44.2,55.8
OKC,OKC vs. WAS,8/9/20,W,48,121,43,84,51.2,18,39,46.2,17,22,77.3,8,35,43,25,12,7,3,18,18,122.2,104,18.2,58.1,2.08,18.8,64.9,46.5,64.6,99,59.8,0.619,0.262,12.1,0.214,0.462,0.239,16.2,0.351,21,10,14,42,8,20,9,48,53.6,46.4,41.3,6.6,44.6,11.6,14,17.4,34.7,36,64,88.9,11.1,58.1,41.9
PHI,PHI @ POR,8/9/20,L,48,121,47,97,48.5,14,30,46.7,13,17,76.5,14,34,48,24,15,6,3,23,-3,118.6,121.6,-2.9,51.1,1.6,16.7,76,54.4,57.9,102,46.8,0.557,0.175,14.7,0.34,0.533,0.319,9.8,0.24,12,24,9,50,11,7,9,56,69.1,30.9,54.5,13.2,34.7,7.4,10.7,9.9,41.3,42.4,57.6,71.4,28.6,51.1,48.9
ORL,ORL @ BOS,8/9/20,L,53,119,41,102,40.2,15,47,31.9,22,26,84.6,12,40,52,24,14,7,4,25,-3,106.3,110.9,-4.7,58.5,1.71,15.4,72.9,51.6,52.5,100.53,43.7,0.475,0.255,12.5,0.317,0.5,0.235,11.8,0.271,17,17,17,42,22,17,11,56,53.9,46.1,43.7,8.4,37.8,14.3,18.5,14.3,35.3,38.5,61.5,93.3,6.7,58.5,41.5
LAC,LAC vs. BKN,8/9/20,L,48,120,45,93,48.4,13,36,36.1,17,20,85,10,29,39,23,10,8,2,19,-9,122.4,129,-6.6,51.1,2.3,17.4,73.2,45.1,58.9,99,45.4,0.554,0.215,10.2,0.22,0.671,0.224,16,0.268,22,13,16,48,11,17,17,48,61.3,38.7,53.3,13.3,32.5,13.3,14.2,18.3,40,40.6,59.4,76.9,23.1,51.1,48.9
MEM,MEM @ TOR,8/9/20,L,48,99,37,91,40.7,14,42,33.3,11,16,68.8,10,32,42,24,22,14,3,27,-9,92.5,100.9,-8.4,64.9,1.09,16.6,85.4,51,50.5,107,41,0.484,0.176,20.6,0.263,0.585,0.465,24.3,0.146,19,16,12,42,23,7,7,32,53.8,46.2,46.5,4,42.4,12.1,11.1,19.2,42.4,52.2,47.8,85.7,14.3,64.9,35.1
NOP,NOP vs. SAS,8/9/20,L,48,113,42,96,43.8,12,30,40,17,22,77.3,16,32,48,30,20,5,5,26,-9,105.6,111.9,-6.3,71.4,1.5,19.2,65.3,48.6,53.5,108,44.1,0.5,0.229,18.7,0.339,0.511,0.36,15.6,0.347,21,27,9,54,30,15,17,36,68.8,31.3,53.1,5.3,31.9,8,15,18.6,47.8,66.7,33.3,83.3,16.7,71.4,28.6
HOU,HOU @ SAC,8/9/20,W,48,129,43,91,47.3,18,57,31.6,25,30,83.3,8,40,48,21,15,9,3,18,17,116.2,101.8,14.4,48.8,1.4,14.7,87.2,53.1,61.9,110.5,54.1,0.571,0.33,13.5,0.216,0.529,0.264,16.4,0.128,18,9,11,50,18,2,9,58,37.4,62.6,38.8,0,41.9,8.5,19.4,14,38.8,44,56,55.6,44.4,48.8,51.2
SAC,SAC vs. HOU,8/9/20,L,48,112,41,87,47.1,10,37,27,20,23,87,5,36,41,29,18,9,2,22,-17,101.8,116.2,-14.4,70.7,1.61,20,78.4,46.9,57.7,110.5,45.9,0.529,0.264,16.4,0.128,0.571,0.33,13.5,0.216,18,2,9,58,18,9,11,50,57.5,42.5,55.4,3.6,26.8,8,17.9,16.1,51.8,67.7,32.3,80,20,70.7,29.3
UTA,UTA @ DEN,8/8/20,L,58,132,47,105,44.8,22,55,40,16,22,72.7,15,36,51,34,23,6,4,30,-2,110,110.7,-0.7,72.3,1.48,20,76.7,53.3,57.6,99.72,45.1,0.552,0.21,19.2,0.306,0.514,0.278,9.1,0.233,17,15,9,34,21,17,19,74,47.6,52.4,37.9,12.1,50,6.8,12.1,12.9,25.8,52,48,95.5,4.5,72.3,27.7
MIL,MIL @ DAL,8/8/20,L,53,132,47,99,47.5,15,44,34.1,23,34,67.6,9,46,55,26,13,3,9,26,-4,114.8,117.2,-2.5,55.3,2,17.2,70.1,47.5,57.9,104.6,47.4,0.551,0.343,11.3,0.2,0.491,0.217,6,0.299,6,11,20,48,19,17,15,54,55.6,44.4,48.5,12.1,34.1,15.2,17.4,4.5,36.4,40.6,59.4,86.7,13.3,55.3,44.7
PHX,PHX @ MIA,8/8/20,W,48,119,44,92,47.8,12,32,37.5,19,20,95,12,40,52,27,11,5,4,21,7,119,110.9,8.1,61.4,2.45,19.3,87,56.4,59,100.5,52.4,0.543,0.217,11,0.271,0.554,0.262,11.9,0.13,16,19,16,54,9,8,18,52,65.2,34.8,53.8,8.4,30.3,13.4,16,13.4,45.4,46.9,53.1,100,0,61.4,38.6
DAL,DAL vs. MIL,8/8/20,W,53,136,48,115,41.7,17,53,32.1,23,25,92,11,43,54,37,7,6,2,26,4,117.2,114.8,2.5,77.1,5.29,21.5,80,52.5,54,104.6,52.6,0.491,0.217,6,0.299,0.551,0.343,11.3,0.2,19,17,15,54,6,11,20,48,53.9,46.1,45.6,5.9,37.5,11,16.9,14,39.7,71,29,88.2,11.8,77.1,22.9
DEN,DEN vs. UTA,8/8/20,W,58,134,51,108,47.2,9,37,24.3,23,30,76.7,12,40,52,29,11,10,5,24,2,110.7,110,0.7,56.9,2.64,17.8,69.4,46.7,55.3,99.72,54.9,0.514,0.278,9.1,0.233,0.552,0.21,19.2,0.306,21,17,19,74,17,15,9,34,65.7,34.3,62.7,7.5,20.1,14.2,17.2,15.7,55.2,47.6,52.4,100,0,56.9,43.1
MIA,MIA vs. PHX,8/8/20,L,48,112,41,84,48.8,11,36,30.6,19,22,86.4,3,34,37,28,12,6,9,21,-7,110.9,119,-8.1,68.3,2.33,20.7,72.9,43.6,59.8,100.5,47.6,0.554,0.262,11.9,0.13,0.543,0.217,11,0.271,9,8,18,52,16,19,16,54,57.1,42.9,53.6,7.1,29.5,16.1,17,8,46.4,60,40,90.9,9.1,68.3,31.7
LAL,LAL @ IND,8/8/20,L,48,111,42,100,42,13,39,33.3,14,19,73.7,15,29,44,20,15,13,6,16,-5,108.8,113.7,-4.9,47.6,1.33,13.8,75,53,51.2,102,44.5,0.485,0.19,14.7,0.383,0.613,0.167,19.6,0.25,26,15,18,52,15,15,19,54,61,39,52.3,5.4,35.1,16.2,12.6,23.4,46.8,31,69,84.6,15.4,47.6,52.4
IND,IND vs. LAL,8/8/20,W,48,116,44,84,52.4,15,33,45.5,13,14,92.9,7,35,42,25,20,12,4,21,5,113.7,108.8,4.9,56.8,1.25,18.4,61.7,47,64.3,102,55.5,0.613,0.167,19.6,0.25,0.485,0.19,14.7,0.383,15,15,19,54,26,15,18,52,60.7,39.3,50,3.4,38.8,16.4,11.2,12.9,46.6,48.3,51.7,73.3,26.7,56.8,43.2
POR,POR vs. LAC,8/8/20,L,48,117,44,90,48.9,17,43,39.5,12,17,70.6,9,32,41,24,11,5,2,26,-5,115.8,120.8,-5,54.5,2.18,17.8,72.3,46.3,60,101,46.8,0.583,0.189,10.9,0.208,0.582,0.329,13.9,0.277,11,15,9,46,18,20,5,38,52.2,47.8,46.2,6.8,43.6,7.7,10.3,9.4,39.3,40.7,59.3,76.5,23.5,54.5,45.5
LAC,LAC @ POR,8/8/20,W,48,122,42,85,49.4,15,34,44.1,23,28,82.1,9,36,45,24,14,5,2,22,5,120.8,115.8,5,57.1,1.71,17.4,79.2,53.7,62.7,101,53.2,0.582,0.329,13.9,0.277,0.583,0.189,10.9,0.208,18,20,5,38,11,15,9,46,60,40,44.3,13.1,36.9,4.1,18.9,14.8,31.1,44.4,55.6,80,20,57.1,42.9
NOP,NOP vs. WAS,8/7/20,W,48,118,42,88,47.7,12,35,34.3,22,26,84.6,11,34,45,25,20,7,8,19,11,114.6,103.9,10.7,59.5,1.25,17.2,73.1,53.9,59.3,103,57.3,0.545,0.295,19.4,0.34,0.478,0.256,15.5,0.269,22,17,18,52,18,9,25,40,60.2,39.8,50.8,6.8,30.5,15.3,18.6,18.6,44.1,46.7,53.3,91.7,8.3,59.5,40.5
BOS,BOS @ TOR,8/7/20,W,48,122,47,96,49,16,46,34.8,12,16,75,9,43,52,27,15,8,2,22,22,117.3,94.3,23,57.4,1.8,18.9,81.5,53.3,59.2,105,57.6,0.573,0.167,14.4,0.235,0.483,0.191,17,0.185,26,13,19,50,11,8,13,54,52.1,47.9,50.8,9.8,39.3,15.6,9.8,21.3,41,48.4,51.6,75,25,57.4,42.6
PHI,PHI vs. ORL,8/7/20,W,48,108,38,93,40.9,8,29,27.6,24,33,72.7,15,36,51,19,9,4,4,20,7,110.2,104.1,6.1,50,2.11,13.7,73.1,52.6,50.2,97.5,53,0.452,0.355,9.2,0.355,0.466,0.284,11.3,0.269,9,21,11,54,6,13,7,48,68.8,31.2,55.6,5.6,22.2,10.2,22.2,8.3,50,43.3,56.7,75,25,50,50
ORL,ORL @ PHI,8/7/20,L,48,101,37,88,42,8,32,25,19,25,76,10,37,47,17,11,5,2,24,-7,104.1,110.2,-6.1,45.9,1.55,13.3,64.5,47.4,51,97.5,47,0.466,0.284,11.3,0.269,0.452,0.355,9.2,0.355,6,13,7,48,9,21,11,54,63.6,36.4,57.4,9.9,23.8,6.9,18.8,5.9,47.5,37.9,62.1,75,25,45.9,54.1
OKC,OKC @ MEM,8/7/20,L,48,92,34,97,35.1,13,43,30.2,11,15,73.3,12,24,36,19,10,12,2,20,-29,92,121,-29,55.9,1.9,14.1,65.8,40.2,44.4,100,31,0.418,0.155,10,0.25,0.62,0.241,20,0.342,16,8,4,36,10,20,12,56,55.7,44.3,45.7,6.5,42.4,4.3,12,17.4,39.1,42.9,57.1,76.9,23.1,55.9,44.1
SAS,SAS vs. UTA,8/7/20,W,48,119,45,89,50.6,9,22,40.9,20,26,76.9,8,39,47,27,13,10,5,18,8,113.3,105.7,7.6,60,2.08,19.1,75.4,50,59.2,105,55.4,0.556,0.292,12.4,0.204,0.505,0.264,15.2,0.246,15,8,14,64,11,4,5,34,75.3,24.7,60.5,6.7,22.7,11.8,16.8,12.6,53.8,52.8,47.2,88.9,11.1,60,40
MEM,MEM vs. OKC,8/7/20,W,48,121,46,83,55.4,11,31,35.5,18,20,90,12,46,58,24,20,6,4,19,29,121,92,29,52.2,1.2,17.5,75,59.8,65.9,100,69,0.62,0.241,20,0.342,0.418,0.155,10,0.25,10,20,12,56,16,8,4,36,62.7,37.3,57.9,11.6,27.3,9.9,14.9,8.3,46.3,40,60,90.9,9.1,52.2,47.8
UTA,UTA @ SAS,8/7/20,L,48,111,38,91,41.8,16,37,43.2,19,24,79.2,10,39,49,25,16,8,4,19,-8,105.7,113.3,-7.6,65.8,1.56,17.4,79.6,50,54.6,105,44.6,0.505,0.264,15.2,0.246,0.556,0.292,12.4,0.204,11,4,5,34,15,8,14,64,59.3,40.7,39.6,9,43.2,4.5,17.1,9.9,30.6,50,50,87.5,12.5,65.8,34.2
SAC,SAC @ BKN,8/7/20,L,48,106,38,89,42.7,12,40,30,18,24,75,13,37,50,19,15,3,4,26,-13,105,116.7,-11.7,50,1.27,14.1,80,52.9,53.2,101.5,40.3,0.494,0.27,14.9,0.278,0.587,0.326,10.8,0.2,14,17,4,40,18,11,6,38,55.1,44.9,49.1,11.3,34,3.8,17,13.2,37.7,34.6,65.4,83.3,16.7,50,50
BKN,BKN vs. SAC,8/7/20,W,48,119,42,86,48.8,17,40,42.5,18,28,64.3,7,37,44,30,11,9,3,23,13,116.7,105,11.7,71.4,2.73,21.1,72.2,47.1,60.5,101.5,59.7,0.587,0.326,10.8,0.2,0.494,0.27,14.9,0.278,18,11,6,38,14,17,4,40,53.5,46.5,42,10.1,42.9,5,15.1,15.1,31.9,60,40,88.2,11.8,71.4,28.6
TOR,TOR vs. BOS,8/7/20,L,48,100,38,89,42.7,10,38,26.3,14,17,82.4,9,39,48,20,18,8,7,18,-22,94.3,117.3,-23,52.6,1.11,14.7,76.5,46.7,51.8,105,42.4,0.483,0.191,17,0.185,0.573,0.167,14.4,0.235,11,8,13,54,26,13,19,50,57.3,42.7,56,2,30,13,14,11,54,42.9,57.1,80,20,52.6,47.4
WAS,WAS @ NOP,8/7/20,L,48,107,38,90,42.2,10,27,37,21,23,91.3,10,30,40,22,16,9,4,27,-11,103.9,114.6,-10.7,57.9,1.38,15.8,66,46.1,53.4,103,42.7,0.478,0.256,15.5,0.269,0.545,0.295,19.4,0.34,18,9,25,40,22,17,18,52,70,30,52.3,15,28,23.4,19.6,16.8,37.4,46.4,53.6,90,10,57.9,42.1
MIA,MIA @ MIL,8/6/20,L,48,116,35,83,42.2,21,46,45.7,25,27,92.6,6,33,39,28,19,6,1,28,-14,109.4,121.5,-12.1,80,1.47,19.6,84.6,47.7,61.1,106.5,40.8,0.548,0.325,17.9,0.184,0.622,0.487,13.1,0.154,27,10,19,22,26,8,12,36,44.6,55.4,24.1,5.2,54.3,16.4,21.6,23.3,19,71.4,28.6,85.7,14.3,80,20
DAL,DAL vs. LAC,8/6/20,L,48,111,39,87,44.8,17,48,35.4,16,21,76.2,8,29,37,24,8,3,4,17,-15,116.8,131.3,-14.4,61.5,3,18.6,69.8,42.6,57.7,95.5,44.4,0.546,0.241,8.4,0.196,0.62,0.163,8.3,0.302,4,14,0,36,9,18,5,58,44.8,55.2,39.6,7.2,45.9,0,14.4,3.6,32.4,50,50,76.5,23.5,61.5,38.5
NOP,NOP @ SAC,8/6/20,L,48,125,47,82,57.3,14,34,41.2,17,23,73.9,5,25,30,31,17,4,3,26,-15,123.8,137.3,-13.5,66,1.82,22.1,63,44.6,67.8,101.5,44.5,0.659,0.28,16.8,0.216,0.624,0.355,7.8,0.37,13,13,2,52,22,17,4,58,58.5,41.5,52.8,11.2,33.6,1.6,13.6,10.4,41.6,54.5,45.5,92.9,7.1,66,34
HOU,HOU vs. LAL,8/6/20,W,48,113,36,84,42.9,21,57,36.8,20,23,87,4,30,34,26,20,11,5,28,16,106.6,92.4,14.2,72.2,1.3,18.2,69.6,45.3,60,105.5,53.9,0.554,0.274,18.9,0.224,0.468,0.468,23.8,0.304,36,13,12,30,17,14,10,58,32.1,67.9,26.5,0,55.8,10.6,17.7,31.9,26.5,60,40,81,19,72.2,27.8
DEN,DEN vs. POR,8/6/20,L,48,115,44,84,52.4,14,28,50,13,17,76.5,11,33,44,30,16,5,4,22,-10,121.1,133,-11.9,68.2,1.88,22.1,68,51.6,62.9,94.5,48,0.607,0.202,16.8,0.326,0.592,0.217,9.6,0.32,14,9,6,52,24,9,5,32,66.7,33.3,52.2,7,36.5,5.2,11.3,12.2,45.2,60,40,85.7,14.3,68.2,31.8
MIL,MIL vs. MIA,8/6/20,W,48,130,41,78,52.6,15,37,40.5,33,38,86.8,5,39,44,27,14,7,3,21,14,121.5,109.4,12.1,65.9,1.93,19.3,81.6,52.3,68.6,106.5,59.2,0.622,0.487,13.1,0.154,0.548,0.325,17.9,0.184,26,8,12,36,27,10,19,22,52.6,47.4,40,12.3,34.6,9.2,25.4,20,27.7,61.5,38.5,73.3,26.7,65.9,34.1
IND,IND @ PHX,8/6/20,L,48,99,37,85,43.5,10,29,34.5,15,19,78.9,5,33,38,20,15,6,5,22,-15,96.1,110.7,-14.6,54.1,1.33,15.6,68,40,53,103,40.2,0.494,0.224,14.6,0.12,0.516,0.217,15.5,0.32,18,4,5,44,18,9,18,52,65.9,34.1,54.5,10.1,30.3,5.1,15.2,18.2,44.4,40.7,59.3,90,10,54.1,45.9
LAL,LAL @ HOU,8/6/20,L,48,97,35,77,45.5,2,19,10.5,25,36,69.4,12,36,48,18,25,11,6,20,-16,92.4,106.6,-14.2,51.4,0.72,13.1,77.6,54.7,52.2,105.5,46.1,0.468,0.468,23.8,0.304,0.554,0.274,18.9,0.224,17,14,10,58,36,13,12,30,75.3,24.7,68,8.2,6.2,10.3,25.8,17.5,59.8,48.5,51.5,100,0,51.4,48.6
SAC,SAC vs. NOP,8/6/20,W,48,140,50,93,53.8,16,33,48.5,24,33,72.7,13,26,39,26,8,11,3,20,15,137.3,123.8,13.5,52,3.25,17.9,78.4,55.4,65.1,101.5,55.5,0.624,0.355,7.8,0.37,0.659,0.28,16.8,0.216,22,17,4,58,13,13,2,52,64.5,35.5,48.6,7.1,34.3,2.9,17.1,15.7,41.4,35.3,64.7,87.5,12.5,52,48
PHX,PHX vs. IND,8/6/20,W,48,114,43,92,46.7,9,34,26.5,19,20,95,12,41,53,27,16,6,4,20,15,110.7,96.1,14.6,62.8,1.69,18.6,88,60,56.5,103,59.8,0.516,0.217,15.5,0.32,0.494,0.224,14.6,0.12,18,9,18,52,18,4,5,44,63,37,59.6,14,23.7,15.8,16.7,15.8,45.6,52.9,47.1,100,0,62.8,37.2
POR,POR @ DEN,8/6/20,W,48,125,43,92,46.7,23,39,59,16,20,80,13,26,39,30,9,7,6,18,10,133,121.1,11.9,69.8,3.33,21.4,67.4,48.4,62,94.5,52,0.592,0.217,9.6,0.32,0.607,0.202,16.8,0.326,24,9,5,32,14,9,6,52,57.6,42.4,32,6.4,55.2,4,12.8,19.2,25.6,70,30,69.6,30.4,69.8,30.2
LAC,LAC @ DAL,8/6/20,W,48,126,50,92,54.3,14,31,45.2,12,15,80,9,36,45,22,8,3,3,21,15,131.3,116.8,14.4,44,2.75,17.1,80.4,57.4,63.9,95.5,55.6,0.62,0.163,8.3,0.302,0.546,0.241,8.4,0.196,9,18,5,58,4,14,0,36,66.3,33.7,57.1,11.1,33.3,4,9.5,7.1,46,36.1,63.9,64.3,35.7,44,56
MEM,MEM @ UTA,8/5/20,L,48,115,43,91,47.3,11,29,37.9,18,25,72,9,32,41,21,14,7,3,28,-9,110.6,117,-6.4,48.8,1.5,15.3,68.1,45.8,56.4,105,44.1,0.533,0.275,13.5,0.245,0.56,0.393,17,0.319,23,10,5,56,15,17,6,36,68.1,31.9,55.7,7,28.7,4.3,15.7,20,48.7,34.4,65.6,90.9,9.1,48.8,51.2
PHI,PHI @ WAS,8/5/20,W,48,107,38,82,46.3,11,29,37.9,20,29,69,6,35,41,27,14,11,4,21,9,104.9,96.1,8.8,71.1,1.93,19.4,77.6,49,56.5,102,56.7,0.53,0.354,13.7,0.204,0.465,0.282,14.7,0.224,11,6,7,40,12,13,9,42,64.6,35.4,50.5,13.1,30.8,6.5,18.7,10.3,37.4,66.7,33.3,81.8,18.2,71.1,28.9
SAS,SAS vs. DEN,8/5/20,L,48,126,46,93,49.5,11,30,36.7,23,27,85.2,10,25,35,29,9,10,5,20,-6,124.8,132,-7.2,63,3.22,19.9,65.1,47.8,60.1,100.5,47.2,0.554,0.29,8.9,0.327,0.626,0.231,14,0.349,17,13,13,56,15,21,5,56,67.7,32.3,55.6,11.1,26.2,10.3,18.3,13.5,44.4,51.4,48.6,100,0,63,37
WAS,WAS vs. PHI,8/5/20,L,48,98,36,85,42.4,7,21,33.3,19,24,79.2,9,39,48,17,15,8,5,26,-9,96.1,104.9,-8.8,47.2,1.13,13.1,79.6,51,51.3,102,43.3,0.465,0.282,14.7,0.224,0.53,0.354,13.7,0.204,12,13,9,42,11,6,7,40,75.3,24.7,59.2,16.3,21.4,9.2,19.4,12.2,42.9,34.5,65.5,100,0,47.2,52.8
BKN,BKN @ BOS,8/5/20,L,48,115,45,95,47.4,8,32,25,17,21,81,7,27,34,23,18,9,2,22,-34,106.5,136.7,-30.2,51.1,1.28,16.1,75.6,46.8,55.2,108.5,35.7,0.516,0.221,16.7,0.245,0.682,0.398,12.8,0.244,15,14,9,72,19,9,15,48,66.3,33.7,64.3,1.7,20.9,7.8,14.8,13,62.6,48.6,51.4,62.5,37.5,51.1,48.9
LAL,LAL vs. OKC,8/5/20,L,48,86,31,88,35.2,5,37,13.5,19,29,65.5,10,36,46,17,11,7,3,24,-19,84.3,102.9,-18.6,54.8,1.55,13.1,83.3,46.8,42.7,102,34.5,0.381,0.33,10.8,0.19,0.462,0.456,13.7,0.167,18,11,13,44,12,6,18,46,58,42,60.5,9.3,17.4,15.1,22.1,20.9,51.2,46.2,53.8,100,0,54.8,45.2
TOR,TOR @ ORL,8/5/20,W,48,109,38,78,48.7,12,33,36.4,21,30,70,3,41,44,25,15,6,2,21,10,104.8,96.1,8.7,65.8,1.67,18.7,81.8,51,59.8,103.5,56.8,0.564,0.385,14.4,0.116,0.466,0.299,12.6,0.182,11,5,18,52,10,8,11,38,57.7,42.3,47.7,0,33,16.5,19.3,10.1,47.7,57.7,42.3,83.3,16.7,65.8,34.2
UTA,UTA vs. MEM,8/5/20,W,48,124,38,84,45.2,18,45,40,30,33,90.9,11,35,46,25,18,5,4,23,9,117,110.6,6.4,65.8,1.39,17.4,75.5,54.2,62.9,105,55.9,0.56,0.393,17,0.319,0.533,0.275,13.5,0.245,15,17,6,36,23,10,5,56,46.4,53.6,32.3,3.2,43.5,4.8,24.2,12.1,29,55,45,77.8,22.2,65.8,34.2
DEN,DEN @ SAS,8/5/20,W,48,132,50,91,54.9,14,36,38.9,18,21,85.7,14,32,46,31,14,6,5,21,6,132,124.8,7.2,62,2.21,21.2,67.3,52.2,65.8,100.5,52.8,0.626,0.231,14,0.349,0.554,0.29,8.9,0.327,15,21,5,56,17,13,13,56,60.4,39.6,54.5,12.1,31.8,3.8,13.6,11.4,42.4,52.8,47.2,85.7,14.3,62,38
BOS,BOS vs. BKN,8/5/20,W,48,149,50,88,56.8,20,39,51.3,29,35,82.9,6,37,43,29,14,10,10,23,34,136.7,106.5,30.2,58,2.07,19.7,75.5,53.2,72.1,108.5,64.3,0.682,0.398,12.8,0.244,0.516,0.221,16.7,0.245,19,9,15,48,15,14,9,72,55.7,44.3,40.3,8.1,40.3,10.1,19.5,12.8,32.2,56.7,43.3,60,40,58,42
OKC,OKC @ LAL,8/5/20,W,48,105,34,79,43,5,24,20.8,32,36,88.9,4,48,52,17,14,9,2,23,19,102.9,84.3,18.6,50,1.21,13.4,81,53.2,55.4,102,65.5,0.462,0.456,13.7,0.167,0.381,0.33,10.8,0.19,12,6,18,46,18,11,13,44,69.6,30.4,55.2,11.4,14.3,17.1,30.5,11.4,43.8,44.8,55.2,80,20,50,50
ORL,ORL vs. TOR,8/5/20,L,48,99,35,87,40.2,11,41,26.8,18,26,69.2,8,35,43,26,13,8,4,26,-10,96.1,104.8,-8.7,74.3,2,18.7,88.4,49,50.3,103.5,43.2,0.466,0.299,12.6,0.182,0.564,0.385,14.4,0.116,10,8,11,38,11,5,18,52,52.9,47.1,48.5,10.1,33.3,11.1,18.2,10.1,38.4,62.5,37.5,100,0,74.3,25.7
SAC,SAC vs. DAL,8/4/20,L,53,110,43,104,41.3,16,43,37.2,8,12,66.7,8,39,47,26,11,8,3,37,-4,100.9,107.5,-6.6,60.5,2.36,17.4,65.1,46,50.3,97.36,46.3,0.49,0.115,10.1,0.27,0.417,0.556,16,0.349,14,13,7,38,9,20,5,40,58.7,41.3,49.1,14.5,43.6,6.4,7.3,12.7,34.5,44.4,55.6,87.5,12.5,60.5,39.5
POR,POR vs. HOU,8/4/20,W,48,110,39,95,41.1,12,31,38.7,20,29,69,15,49,64,18,12,7,5,21,8,106.8,100,6.8,46.2,1.5,12.8,87.7,59.8,51,102.5,56.8,0.474,0.305,11.7,0.333,0.5,0.276,9.8,0.123,11,13,16,44,9,9,9,28,67.4,32.6,49.1,9.1,32.7,14.5,18.2,10,40,48.1,51.9,41.7,58.3,46.2,53.8
PHX,PHX @ LAC,8/4/20,W,48,117,45,96,46.9,17,32,53.1,10,14,71.4,11,33,44,25,8,5,0,21,2,118.2,115,3.2,55.6,3.13,18.5,79.5,46.9,57.3,99.5,47.9,0.557,0.146,8.1,0.204,0.541,0.318,10,0.205,11,10,8,30,6,12,14,54,66.7,33.3,47.9,22.2,43.6,6.8,8.5,9.4,25.6,46.4,53.6,70.6,29.4,55.6,44.4
ORL,ORL @ IND,8/4/20,L,48,109,39,82,47.6,12,34,35.3,19,23,82.6,11,32,43,21,18,3,2,22,-11,112.4,121.2,-8.8,53.8,1.17,16.2,87.5,55.3,59.2,98,40.2,0.549,0.28,18.6,0.267,0.625,0.226,7.1,0.125,12,10,13,44,23,8,13,52,58.5,41.5,49.5,9.2,33,11.9,17.4,11,40.4,40.7,59.3,83.3,16.7,53.8,46.2
LAC,LAC vs. PHX,8/4/20,L,48,115,42,85,49.4,8,29,27.6,23,27,85.2,8,40,48,21,10,2,3,16,-2,115,118.2,-3.2,50,2.1,16.2,79.6,53.1,59.4,99.5,52.1,0.541,0.318,10,0.205,0.557,0.146,8.1,0.204,6,12,14,54,11,10,8,30,65.9,34.1,59.1,12.2,20.9,12.2,20,5.2,47,41.2,58.8,87.5,12.5,50,50
MIL,MIL vs. BKN,8/4/20,L,48,116,42,88,47.7,17,51,33.3,15,23,65.2,7,47,54,28,19,3,5,19,-3,106.4,112.3,-5.8,66.7,1.47,18.7,83.9,57.5,59.1,107.5,52.3,0.574,0.261,17.4,0.255,0.519,0.155,6.6,0.161,7,9,21,48,27,9,17,32,42,58,43.1,1.7,44,18.1,12.9,6,41.4,52,48,88.2,11.8,66.7,33.3
BKN,BKN @ MIL,8/4/20,W,48,119,43,103,41.7,21,57,36.8,12,16,75,7,35,42,30,7,5,6,26,3,112.3,106.4,5.8,69.8,4.29,20.5,74.5,42.5,54.1,107.5,47.7,0.519,0.155,6.6,0.161,0.574,0.261,17.4,0.255,27,9,17,32,7,9,21,48,44.7,55.3,37,10.1,52.9,14.3,10.1,22.7,26.9,50,50,90.5,9.5,69.8,30.2
HOU,HOU @ POR,8/4/20,L,48,102,34,87,39.1,19,53,35.8,15,24,62.5,5,34,39,24,10,7,3,26,-8,100,106.8,-6.8,70.6,2.4,18,66.7,40.2,52.3,102.5,43.2,0.5,0.276,9.8,0.123,0.474,0.305,11.7,0.333,9,9,9,28,11,13,16,44,39.1,60.9,29.4,2,55.9,8.8,14.7,8.8,27.5,53.3,46.7,84.2,15.8,70.6,29.4
DAL,DAL @ SAC,8/4/20,W,53,114,33,90,36.7,9,41,22,39,50,78,17,44,61,22,17,4,2,21,4,107.5,100.9,6.6,66.7,1.29,14.7,73,54,50.9,97.36,53.7,0.417,0.556,16,0.349,0.49,0.115,10.1,0.27,9,20,5,40,14,13,7,38,54.4,45.6,42.1,7,23.7,4.4,34.2,7.9,35.1,58.3,41.7,88.9,11.1,66.7,33.3
MIA,MIA vs. BOS,8/4/20,W,48,112,34,77,44.2,15,43,34.9,29,39,74.4,12,30,42,22,13,8,5,19,6,117.9,111.6,6.3,64.7,1.69,16.9,62,45.9,59.5,95,56.7,0.539,0.506,13.7,0.292,0.494,0.318,16.8,0.38,21,20,3,28,15,23,4,54,44.2,55.8,33.9,8.9,40.2,2.7,25.9,18.8,25,47.4,52.6,86.7,13.3,64.7,35.3
IND,IND vs. ORL,8/4/20,W,48,120,46,84,54.8,13,33,39.4,15,19,78.9,2,30,32,29,7,10,3,17,11,121.2,112.4,8.8,63,4.14,21.8,73.3,44.7,65,98,59.8,0.625,0.226,7.1,0.125,0.549,0.28,18.6,0.267,23,8,13,52,12,10,13,44,60.7,39.3,55,11.7,32.5,10.8,12.5,19.2,43.3,48.5,51.5,100,0,63,37
BOS,BOS @ MIA,8/4/20,L,48,106,37,85,43.5,10,33,30.3,22,27,81.5,14,31,45,15,16,7,4,26,-6,111.6,117.9,-6.3,40.5,0.94,11.7,70.8,54.1,54.7,95,43.3,0.494,0.318,16.8,0.38,0.539,0.506,13.7,0.292,15,23,4,54,21,20,3,28,61.2,38.8,50.9,0,28.3,3.8,20.8,14.2,50.9,33.3,66.7,60,40,40.5,59.5
MIA,MIA vs. TOR,8/3/20,L,48,103,37,87,42.5,14,45,31.1,15,16,93.8,8,33,41,29,15,9,8,24,-4,103,108.1,-5.1,78.4,1.93,20.6,84.6,50,54.8,99.5,50.5,0.506,0.184,15,0.235,0.552,0.537,21.2,0.154,17,12,16,36,15,8,12,22,48.3,51.7,44.7,9.7,40.8,15.5,14.6,16.5,35,69.6,30.4,92.9,7.1,78.4,21.6
TOR,TOR @ MIA,8/3/20,W,48,107,29,67,43.3,16,32,50,33,36,91.7,3,36,39,19,21,6,3,19,4,108.1,103,5.1,65.5,0.9,15.3,76.5,50,64.6,99.5,49.5,0.552,0.537,21.2,0.154,0.506,0.184,15,0.235,15,8,12,22,17,12,16,36,52.2,47.8,24.3,3.7,44.9,11.2,30.8,14,20.6,69.2,30.8,62.5,37.5,65.5,34.5
WAS,WAS vs. IND,8/3/20,L,48,100,41,94,43.6,11,30,36.7,7,13,53.8,9,36,45,30,13,6,7,19,-11,101,112.1,-11.1,73.2,2.31,20.8,79.2,50.5,50.1,99,44.7,0.495,0.138,13.1,0.263,0.516,0.174,10.1,0.208,12,11,19,44,22,18,10,62,68.1,31.9,60,16,33,19,7,12,44,63.3,36.7,100,0,73.2,26.8
IND,IND @ WAS,8/3/20,W,48,111,44,92,47.8,7,26,26.9,16,16,100,9,36,45,20,10,6,11,15,11,112.1,101,11.1,45.5,2,15.5,73.7,49.5,56,99,55.3,0.516,0.174,10.1,0.208,0.495,0.138,13.1,0.263,22,18,10,62,12,11,19,44,71.7,28.3,66.7,10.8,18.9,9,14.4,19.8,55.9,43.2,56.8,57.1,42.9,45.5,54.5
LAL,LAL @ UTA,8/3/20,W,48,116,41,82,50,9,26,34.6,25,31,80.6,4,34,38,23,14,12,3,24,8,112.6,104.9,7.8,56.1,1.64,17.2,76.6,48.4,60.6,103,55.8,0.555,0.378,13.6,0.182,0.518,0.301,20.4,0.234,26,8,16,58,12,10,12,44,68.3,31.7,55.2,5.2,23.3,13.8,21.6,22.4,50,53.1,46.9,66.7,33.3,56.1,43.9
MEM,MEM @ NOP,8/3/20,L,48,99,37,93,39.8,12,43,27.9,13,15,86.7,8,35,43,25,14,3,10,32,-10,94.3,104.8,-10.5,67.6,1.79,17.7,78.8,47.7,49.7,104.5,42.3,0.462,0.161,13.3,0.193,0.518,0.476,14.4,0.212,15,14,7,48,13,7,23,42,53.8,46.2,50.5,2,36.4,7.1,13.1,15.2,48.5,56,44,91.7,8.3,67.6,32.4
UTA,UTA vs. LAL,8/3/20,L,48,108,37,83,44.6,12,43,27.9,22,25,88,7,35,42,25,21,8,3,29,-8,104.9,112.6,-7.8,67.6,1.19,18.1,81.8,51.6,57.4,103,44.2,0.518,0.301,20.4,0.234,0.555,0.378,13.6,0.182,12,10,12,44,26,8,16,58,48.2,51.8,46.3,5.6,33.3,11.1,20.4,11.1,40.7,60,40,83.3,16.7,67.6,32.4
OKC,OKC vs. DEN,8/3/20,L,53,113,37,87,42.5,15,36,41.7,24,31,77.4,8,34,42,20,16,4,5,32,-8,105.6,112,-6.4,54.1,1.25,14.4,74,49,56.1,97.36,41.8,0.511,0.356,15,0.25,0.523,0.448,12,0.26,13,10,9,28,22,12,15,50,58.6,41.4,38.9,14.2,39.8,8,21.2,11.5,24.8,40.9,59.1,73.3,26.7,54.1,45.9
PHI,PHI vs. SAS,8/3/20,W,48,132,46,87,52.9,14,31,45.2,26,30,86.7,8,27,35,26,13,6,6,25,2,126.9,125,1.9,56.5,2,18.4,63.8,45.1,65.9,104,50.8,0.609,0.345,12.5,0.25,0.559,0.312,13.5,0.362,13,16,7,54,16,18,9,44,64.4,35.6,48.5,7.6,31.8,5.3,19.7,9.8,40.9,40.6,59.4,92.9,7.1,56.5,43.5
NOP,NOP vs. MEM,8/3/20,W,48,109,37,82,45.1,11,29,37.9,24,39,61.5,8,41,49,25,15,7,1,20,10,104.8,94.3,10.5,67.6,1.67,17.9,80.7,52.3,55,104.5,57.7,0.518,0.476,14.4,0.212,0.462,0.161,13.3,0.193,13,7,23,42,15,14,7,48,64.6,35.4,47.7,9.2,30.3,21.1,22,11.9,38.5,61.5,38.5,81.8,18.2,67.6,32.4
DEN,DEN @ OKC,8/3/20,W,53,121,42,87,48.3,7,25,28,30,39,76.9,9,37,46,23,13,10,3,29,8,112,105.6,6.4,54.8,1.77,16.1,75,51,58.1,97.36,58.2,0.523,0.448,12,0.26,0.511,0.356,15,0.25,22,12,15,50,13,10,9,28,71.3,28.7,57.9,16.5,17.4,12.4,24.8,18.2,41.3,48.6,51.4,85.7,14.3,54.8,45.2
SAS,SAS @ PHI,8/3/20,L,48,130,46,93,49.5,12,26,46.2,26,29,89.7,13,31,44,21,14,7,6,23,-2,125,126.9,-1.9,45.7,1.5,14.9,75,54.9,61.5,104,49.2,0.559,0.312,13.5,0.362,0.609,0.345,12.5,0.25,16,18,9,44,13,16,7,54,72,28,52.3,18.5,27.7,6.9,20,12.3,33.8,35.3,64.7,75,25,45.7,54.3
MIL,MIL @ HOU,8/2/20,L,48,116,45,92,48.9,9,35,25.7,17,23,73.9,17,48,65,21,23,6,6,23,-4,109.4,113.2,-3.8,46.7,0.91,14.4,84.5,61.8,56.8,106,51,0.538,0.25,21.7,0.365,0.511,0.341,8.5,0.155,17,23,10,60,30,14,15,18,62,38,62.1,10.3,23.3,8.6,14.7,14.7,51.7,44.4,55.6,55.6,44.4,46.7,53.3
POR,POR @ BOS,8/2/20,L,48,124,45,90,50,19,42,45.2,15,16,93.8,9,26,35,31,12,8,5,25,-4,125.3,132,-6.7,68.9,2.58,21.5,75.7,51.2,63.9,98,48.7,0.606,0.178,12.1,0.311,0.662,0.442,14.4,0.243,22,10,6,40,10,15,17,38,53.3,46.7,41.9,9.7,46,4.8,12.1,17.7,32.3,65.4,34.6,73.7,26.3,68.9,31.1
MEM,MEM vs. SAS,8/2/20,L,48,106,42,91,46.2,7,30,23.3,15,18,83.3,3,36,39,27,12,5,3,27,-2,101.9,102.9,-0.9,64.3,2.25,19.7,72.2,43.4,53.6,104.5,50.3,0.5,0.198,11.5,0.135,0.488,0.384,16.2,0.278,19,3,14,64,16,11,0,28,67,33,66,5.7,19.8,13.2,14.2,17.9,60.4,57.1,42.9,100,0,64.3,35.7
DAL,DAL @ PHX,8/2/20,L,48,115,38,93,40.9,6,31,19.4,33,37,89.2,10,39,49,22,8,8,5,22,-2,109.5,111.4,-1.9,57.9,2.75,15.6,80.4,50.9,52.6,105,50.9,0.441,0.398,7.6,0.246,0.516,0.247,10.5,0.196,11,11,13,52,6,11,11,48,66.7,33.3,55.7,10.4,15.7,11.3,28.7,9.6,45.2,53.1,46.9,83.3,16.7,57.9,42.1
ORL,ORL vs. SAC,8/2/20,W,48,132,43,82,52.4,18,38,47.4,28,35,80,12,34,46,31,18,10,4,25,16,125.7,111.5,14.2,72.1,1.72,20.9,75,52.7,67.8,104.5,56.4,0.634,0.427,17.1,0.279,0.538,0.242,14.4,0.25,22,12,12,38,26,14,11,56,53.7,46.3,37.9,9.1,40.9,9.1,21.2,16.7,28.8,56,44,94.4,5.6,72.1,27.9
SAC,SAC @ ORL,8/2/20,L,48,116,45,91,49.5,8,28,28.6,18,22,81.8,9,30,39,30,15,10,0,28,-16,111.5,125.7,-14.2,66.7,2,20.5,72.1,47.3,57.6,104.5,43.6,0.538,0.242,14.4,0.25,0.634,0.427,17.1,0.279,26,14,11,56,22,12,12,38,69.2,30.8,63.8,15.5,20.7,9.5,15.5,22.4,48.3,59.5,40.5,100,0,66.7,33.3
HOU,HOU vs. MIL,8/2/20,W,48,120,36,91,39.6,21,61,34.4,27,31,87.1,6,30,36,22,9,15,3,24,4,113.2,109.4,3.8,61.1,2.44,16.1,63.5,38.2,57.3,106,49,0.511,0.341,8.5,0.155,0.538,0.25,21.7,0.365,30,14,15,18,17,23,10,60,33,67,25,10,52.5,12.5,22.5,25,15,26.7,73.3,85.7,14.3,61.1,38.9
WAS,WAS @ BKN,8/2/20,L,48,110,40,88,45.5,9,31,29,21,27,77.8,10,36,46,26,13,6,6,31,-8,108.9,118,-9.1,65,2,18.6,68.5,48.6,55.1,100.5,47.7,0.506,0.307,12.9,0.275,0.483,0.411,11,0.315,18,5,11,42,17,9,13,52,64.8,35.2,56.4,18.2,24.5,10,19.1,16.4,38.2,58.1,41.9,88.9,11.1,65,35
SAS,SAS @ MEM,8/2/20,W,48,108,36,86,41.9,12,29,41.4,24,33,72.7,12,37,49,22,17,5,6,20,2,102.9,101.9,0.9,61.1,1.29,15.7,86.5,56.6,53.7,104.5,49.7,0.488,0.384,16.2,0.278,0.5,0.198,11.5,0.135,16,11,0,28,19,3,14,64,66.3,33.7,44.4,18.5,33.3,0,22.2,14.8,25.9,45.8,54.2,91.7,8.3,61.1,38.9
BOS,BOS vs. POR,8/2/20,W,48,128,42,77,54.5,18,30,60,26,34,76.5,6,30,36,24,14,9,6,21,4,132,125.3,6.7,57.1,1.71,18.5,68.9,48.8,69.6,98,51.3,0.662,0.442,14.4,0.243,0.606,0.178,12.1,0.311,10,15,17,38,22,10,6,40,61,39,37.5,7.8,42.2,13.3,20.3,7.8,29.7,50,50,66.7,33.3,57.1,42.9
BKN,BKN vs. WAS,8/2/20,W,48,118,38,90,42.2,11,33,33.3,31,37,83.8,13,35,48,23,11,5,4,24,8,118,108.9,9.1,60.5,2.09,16.4,72.5,51.4,55.5,100.5,52.3,0.483,0.411,11,0.315,0.506,0.307,12.9,0.275,17,9,13,52,18,5,11,42,63.3,36.7,45.8,1.7,28,11,26.3,14.4,44.1,48.1,51.9,90.9,9.1,60.5,39.5
PHX,PHX vs. DAL,8/2/20,W,48,117,42,93,45.2,12,33,36.4,21,23,91.3,6,43,49,22,11,5,4,29,2,111.4,109.5,1.9,52.4,2,16.2,75.4,49.1,56.7,105,49.1,0.516,0.247,10.5,0.196,0.441,0.398,7.6,0.246,6,11,11,48,11,11,13,52,64.5,35.5,51.3,10.3,30.8,9.4,17.9,5.1,41,40,60,83.3,16.7,52.4,47.6
OKC,OKC vs. UTA,8/1/20,W,48,110,41,77,53.2,10,26,38.5,18,24,75,11,36,47,19,22,9,8,21,16,113.4,94.9,18.5,46.3,0.86,14.7,70.4,56,62.8,98,62.5,0.597,0.312,22.7,0.351,0.437,0.253,16.2,0.296,12,13,13,50,25,8,13,46,66.2,33.8,56.4,10.9,27.3,11.8,16.4,10.9,45.5,38.7,61.3,70,30,46.3,53.7
UTA,UTA @ OKC,8/1/20,L,48,94,34,87,39.1,8,31,25.8,18,22,81.8,12,23,35,17,16,11,4,21,-16,94.9,113.4,-18.5,50,1.06,12.9,64.9,44,48.6,98,37.5,0.437,0.253,16.2,0.296,0.597,0.312,22.7,0.351,25,8,13,46,12,13,13,50,64.4,35.6,55.3,6.4,25.5,13.8,19.1,26.6,48.9,42.3,57.7,75,25,50,50
MIA,MIA @ DEN,8/1/20,W,48,125,40,72,55.6,13,29,44.8,32,37,86.5,6,32,38,29,16,7,2,28,20,123.8,106.1,17.7,72.5,1.81,21.2,65.4,48.2,70.8,100,63.6,0.646,0.514,15.8,0.212,0.483,0.27,19.2,0.346,35,5,11,50,17,21,10,50,59.7,40.3,43.2,3.2,31.2,8.8,25.6,28,40,59.3,40.7,100,0,72.5,27.5
DEN,DEN vs. MIA,8/1/20,L,48,105,39,89,43.8,8,35,22.9,19,24,79.2,13,25,38,28,19,7,2,32,-20,106.1,123.8,-17.7,71.8,1.47,19.3,78.8,51.8,52.7,100,36.4,0.483,0.27,19.2,0.346,0.646,0.514,15.8,0.212,17,21,10,50,35,5,11,50,60.7,39.3,59,11.4,22.9,9.5,18.1,16.2,47.6,67.7,32.3,87.5,12.5,71.8,28.2
LAC,LAC vs. NOP,8/1/20,W,48,126,37,87,42.5,25,47,53.2,27,35,77.1,8,40,48,23,10,10,2,28,23,120,99,21,62.2,2.3,16.5,76.9,48.6,61.5,104.5,58.4,0.569,0.402,9.5,0.208,0.5,0.329,17.3,0.231,34,16,4,20,21,12,4,46,46,54,19,3.2,59.5,3.2,21.4,27,15.9,58.3,41.7,64,36,62.2,37.8
IND,IND vs. PHI,8/1/20,W,48,127,48,95,50.5,14,34,41.2,17,23,73.9,10,24,34,31,10,8,5,25,6,121,116.3,4.6,64.6,3.1,20.9,56.3,40.4,60.4,104.5,54.5,0.579,0.242,9.5,0.255,0.543,0.269,20.2,0.438,26,13,13,44,17,24,15,68,64.2,35.8,53.5,18.9,33.1,10.2,13.4,20.5,34.6,58.8,41.2,78.6,21.4,64.6,35.4
LAL,LAL @ TOR,8/1/20,L,48,92,29,82,35.4,10,40,25,24,33,72.7,8,32,40,17,18,8,12,25,-15,89.3,102.9,-13.6,58.6,0.94,12.9,76,46.7,47.7,103.5,37.5,0.415,0.402,17.5,0.211,0.5,0.31,17.3,0.24,10,10,13,34,22,6,15,40,51.2,48.8,41.3,4.3,32.6,14.1,26.1,10.9,37,47.4,52.6,80,20,58.6,41.4
NOP,NOP @ LAC,8/1/20,L,48,103,38,85,44.7,9,30,30,18,28,64.3,9,39,48,24,18,4,1,23,-23,99,120,-21,63.2,1.33,17.1,79.2,51.4,52.9,104.5,41.6,0.5,0.329,17.3,0.231,0.569,0.402,9.5,0.208,21,12,4,46,34,16,4,20,64.7,35.3,56.3,11.7,26.2,3.9,17.5,20.4,44.7,51.7,48.3,100,0,63.2,36.8
PHI,PHI @ IND,8/1/20,L,48,121,46,93,49.5,9,25,36,20,25,80,20,35,55,20,21,6,5,30,-6,116.3,121,-4.6,43.5,0.95,13.8,74.5,59.6,58.2,104.5,45.5,0.543,0.269,20.2,0.438,0.579,0.242,9.5,0.255,17,24,15,68,26,13,13,44,73.1,26.9,61.2,5,22.3,12.4,16.5,14,56.2,32.4,67.6,88.9,11.1,43.5,56.5
TOR,TOR vs. LAL,8/1/20,W,48,107,35,84,41.7,14,34,41.2,23,26,88.5,7,44,51,24,18,7,5,28,15,102.9,89.3,13.6,68.6,1.33,17.1,78.9,53.3,56.1,103.5,62.5,0.5,0.31,17.3,0.24,0.415,0.402,17.5,0.211,22,6,15,40,10,10,13,34,59.5,40.5,39.3,1.9,39.3,14,21.5,20.6,37.4,61.9,38.1,78.6,21.4,68.6,31.4
MIL,MIL vs. BOS,7/31/20,W,48,119,39,84,46.4,13,41,31.7,28,34,82.4,7,40,47,25,15,9,7,26,7,111.2,106.7,4.5,64.1,1.67,17.9,71.9,49,60.1,106,58.5,0.542,0.405,14,0.213,0.467,0.374,15.2,0.281,22,4,16,48,18,11,18,38,51.2,48.8,43.7,3.4,32.8,13.4,23.5,18.5,40.3,57.7,42.3,76.9,23.1,64.1,35.9
WAS,WAS vs. PHX,7/31/20,L,48,112,42,91,46.2,8,22,36.4,20,23,87,8,28,36,18,18,7,2,26,-13,103.7,115.7,-12,42.9,1,13,81.6,49.4,55.4,108,38.4,0.505,0.253,16.7,0.245,0.594,0.4,16.7,0.184,21,9,22,48,26,7,19,50,75.8,24.2,60.7,17.9,21.4,19.6,17.9,18.8,42.9,32.4,67.6,87.5,12.5,42.9,57.1
BKN,BKN vs. ORL,7/31/20,L,48,118,44,91,48.4,13,42,31,17,23,73.9,10,29,39,30,14,4,2,25,-10,113.5,123.1,-9.6,68.2,2.14,20.7,76.7,47.3,58.3,104,42.9,0.555,0.253,13.5,0.22,0.592,0.322,13.5,0.233,9,7,8,50,13,13,7,44,53.8,46.2,52.5,10.2,33.1,6.8,14.4,7.6,42.4,54.8,45.2,100,0,68.2,31.8
SAS,SAS vs. SAC,7/31/20,W,48,129,48,90,53.3,11,25,44,22,27,81.5,9,33,42,32,15,6,4,17,9,120.6,111.1,9.4,66.7,2.13,21.5,69.4,46.8,63.3,107.5,57,0.594,0.3,14,0.222,0.547,0.211,16.7,0.306,25,11,13,52,16,12,26,60,72.2,27.8,57.4,17.1,25.6,10.1,17.1,19.4,40.3,56.8,43.2,100,0,66.7,33.3
ORL,ORL @ BKN,7/31/20,W,48,128,46,87,52.9,11,31,35.5,25,28,89.3,6,36,42,31,14,8,3,23,10,123.1,113.5,9.6,67.4,2.21,21.5,78,52.7,64.4,104,57.1,0.592,0.322,13.5,0.233,0.555,0.253,13.5,0.22,13,13,7,44,9,7,8,50,64.4,35.6,54.7,20.3,25.8,5.5,19.5,10.2,34.4,60,40,90.9,9.1,67.4,32.6
SAC,SAC @ SAS,7/31/20,L,48,120,46,95,48.4,12,38,31.6,16,20,80,8,34,42,22,18,11,2,25,-9,111.1,120.6,-9.4,47.8,1.22,15.2,77.8,53.2,57.8,107.5,43,0.547,0.211,16.7,0.306,0.594,0.3,14,0.222,16,12,26,60,25,11,13,52,60,40,56.7,6.7,30,21.7,13.3,13.3,50,32.4,67.6,91.7,8.3,47.8,52.2
PHX,PHX @ WAS,7/31/20,W,48,125,42,80,52.5,11,32,34.4,30,32,93.8,4,33,37,29,18,10,3,24,13,115.7,103.7,12,69,1.61,20.3,75.5,50.6,66.4,108,61.6,0.594,0.4,16.7,0.184,0.505,0.253,16.7,0.245,26,7,19,50,21,9,22,48,60,40,49.6,9.6,26.4,15.2,24,20.8,40,61.3,38.7,90.9,9.1,69,31
POR,POR vs. MEM,7/31/20,W,53,140,49,91,53.8,13,30,43.3,29,34,85.3,9,33,42,27,17,10,9,36,5,123.9,118.4,5.5,55.1,1.59,18,67.9,48.5,66.1,102.79,53.5,0.61,0.374,15,0.25,0.522,0.538,11.4,0.321,12,6,8,54,26,25,18,50,67,33,51.4,12.9,27.9,5.7,20.7,8.6,38.6,47.2,52.8,76.9,23.1,55.1,44.9
DAL,DAL vs. HOU,7/31/20,L,53,149,50,105,47.6,21,49,42.9,28,38,73.7,13,42,55,30,20,7,4,36,-4,125.2,128.6,-3.4,60,1.5,17.6,83,57.4,61.2,107.77,45.7,0.576,0.362,16.8,0.355,0.609,0.386,7.6,0.17,10,24,7,44,20,11,20,64,53.3,46.7,38.9,9.4,42.3,4.7,18.8,6.7,29.5,41.4,58.6,85.7,14.3,60,40
BOS,BOS @ MIL,7/31/20,L,48,112,37,91,40.7,11,37,29.7,27,34,79.4,14,34,48,18,16,8,5,28,-7,106.7,111.2,-4.5,48.6,1.13,12.9,78.7,51,52.9,106,41.5,0.467,0.374,15.2,0.281,0.542,0.405,14,0.213,18,11,18,38,22,4,16,48,59.3,40.7,46.4,12.5,29.5,16.1,24.1,16.1,33.9,34.6,65.4,81.8,18.2,48.6,51.4
MEM,MEM @ POR,7/31/20,L,53,135,42,93,45.2,13,41,31.7,38,50,76,10,29,39,25,13,9,5,26,-5,118.4,123.9,-5.5,59.5,1.92,16,75,51.5,58.7,102.79,46.5,0.522,0.538,11.4,0.321,0.61,0.374,15,0.25,26,25,18,50,12,6,8,54,55.9,44.1,43,5.9,28.9,13.3,28.1,19.3,37,44.8,55.2,92.3,7.7,59.5,40.5
HOU,HOU @ DAL,7/31/20,W,53,153,52,101,51.5,19,48,39.6,30,39,76.9,7,36,43,26,9,12,10,31,4,128.6,125.2,3.4,50,2.89,16.9,64.5,42.6,64.7,107.77,54.3,0.609,0.386,7.6,0.17,0.576,0.362,16.8,0.355,20,11,20,64,10,24,7,44,52.5,47.5,43.1,1.3,37.3,13.1,19.6,13.1,41.8,33.3,66.7,78.9,21.1,50,50
UTA,UTA @ NOP,7/30/20,W,48,106,37,84,44,8,34,23.5,24,28,85.7,12,31,43,17,20,11,6,23,2,103.9,103,1,45.9,0.85,12.5,63.2,49.5,55,101.5,52.8,0.488,0.333,19.6,0.34,0.484,0.191,20.8,0.368,20,17,7,56,14,22,7,48,59.5,40.5,54.7,1.9,22.6,6.6,22.6,18.9,52.8,41.4,58.6,62.5,37.5,45.9,54.1
LAL,LAL vs. LAC,7/30/20,W,48,103,32,82,39,11,36,30.6,28,37,75.7,11,34,45,21,16,6,3,27,2,100,99,1,65.6,1.31,15.2,81.4,50,52.4,102.5,53.7,0.457,0.451,15.5,0.255,0.541,0.378,21.6,0.186,14,10,9,40,29,5,8,24,56.1,43.9,40.8,1.9,32,8.7,27.2,13.6,38.8,52.4,47.6,90.9,9.1,65.6,34.4
NOP,NOP vs. UTA,7/30/20,L,48,104,40,94,42.6,11,31,35.5,13,18,72.2,15,30,45,22,21,12,2,25,-2,103,103.9,-1,55,1.05,15.3,66,50.5,51,101.5,47.2,0.484,0.191,20.8,0.368,0.488,0.333,19.6,0.34,14,22,7,48,20,17,7,56,67,33,55.8,9.6,31.7,6.7,12.5,13.5,46.2,41.4,58.6,90.9,9.1,55,45
LAC,LAC @ LAL,7/30/20,L,48,101,32,74,43.2,16,36,44.4,21,28,75,4,32,36,17,22,6,5,30,-2,99,100,-1,53.1,0.77,13.4,74.5,50,58.5,102.5,46.3,0.541,0.378,21.6,0.186,0.457,0.451,15.5,0.255,29,5,8,24,14,10,9,40,51.4,48.6,31.7,7.9,47.5,7.9,20.8,28.7,23.8,50,50,56.3,43.8,53.1,46.9